ocd-division/country:us/state:al/circuit_court:1,AL State Circuit Court - 1st District
ocd-division/country:us/state:al/circuit_court:2,AL State Circuit Court - 2nd District
ocd-division/country:us/state:al/circuit_court:3,AL State Circuit Court - 3rd District
ocd-division/country:us/state:al/circuit_court:4,AL State Circuit Court - 4th District
ocd-division/country:us/state:al/circuit_court:5,AL State Circuit Court - 5th District
ocd-division/country:us/state:al/circuit_court:6,AL State Circuit Court - 6th District
ocd-division/country:us/state:al/circuit_court:7,AL State Circuit Court - 7th District
ocd-division/country:us/state:al/circuit_court:8,AL State Circuit Court - 8th District
ocd-division/country:us/state:al/circuit_court:9,AL State Circuit Court - 9th District
ocd-division/country:us/state:al/circuit_court:10,AL State Circuit Court - 10th District
ocd-division/country:us/state:al/circuit_court:11,AL State Circuit Court - 11th District
ocd-division/country:us/state:al/circuit_court:12,AL State Circuit Court - 12th District
ocd-division/country:us/state:al/circuit_court:13,AL State Circuit Court - 13th District
ocd-division/country:us/state:al/circuit_court:14,AL State Circuit Court - 14th District
ocd-division/country:us/state:al/circuit_court:15,AL State Circuit Court - 15th District
ocd-division/country:us/state:al/circuit_court:16,AL State Circuit Court - 16th District
ocd-division/country:us/state:al/circuit_court:17,AL State Circuit Court - 17th District
ocd-division/country:us/state:al/circuit_court:18,AL State Circuit Court - 18th District
ocd-division/country:us/state:al/circuit_court:19,AL State Circuit Court - 19th District
ocd-division/country:us/state:al/circuit_court:20,AL State Circuit Court - 20th District
ocd-division/country:us/state:al/circuit_court:21,AL State Circuit Court - 21st District
ocd-division/country:us/state:al/circuit_court:22,AL State Circuit Court - 22nd District
ocd-division/country:us/state:al/circuit_court:23,AL State Circuit Court - 23rd District
ocd-division/country:us/state:al/circuit_court:24,AL State Circuit Court - 24th District
ocd-division/country:us/state:al/circuit_court:25,AL State Circuit Court - 25th District
ocd-division/country:us/state:al/circuit_court:26,AL State Circuit Court - 26th District
ocd-division/country:us/state:al/circuit_court:27,AL State Circuit Court - 27th District
ocd-division/country:us/state:al/circuit_court:28,AL State Circuit Court - 28th District
ocd-division/country:us/state:al/circuit_court:29,AL State Circuit Court - 29th District
ocd-division/country:us/state:al/circuit_court:30,AL State Circuit Court - 30th District
ocd-division/country:us/state:al/circuit_court:31,AL State Circuit Court - 31st District
ocd-division/country:us/state:al/circuit_court:32,AL State Circuit Court - 32nd District
ocd-division/country:us/state:al/circuit_court:33,AL State Circuit Court - 33rd District
ocd-division/country:us/state:al/circuit_court:34,AL State Circuit Court - 34th District
ocd-division/country:us/state:al/circuit_court:35,AL State Circuit Court - 35th District
ocd-division/country:us/state:al/circuit_court:36,AL State Circuit Court - 36th District
ocd-division/country:us/state:al/circuit_court:37,AL State Circuit Court - 37th District
ocd-division/country:us/state:al/circuit_court:38,AL State Circuit Court - 38th District
ocd-division/country:us/state:al/circuit_court:39,AL State Circuit Court - 39th District
ocd-division/country:us/state:al/circuit_court:40,AL State Circuit Court - 40th District
ocd-division/country:us/state:al/circuit_court:41,AL State Circuit Court - 41st District
