ocd-division/country:us/state:al/sldl:1,Alabama State House district 1
ocd-division/country:us/state:al/sldl:2,Alabama State House district 2
ocd-division/country:us/state:al/sldl:3,Alabama State House district 3
ocd-division/country:us/state:al/sldl:4,Alabama State House district 4
ocd-division/country:us/state:al/sldl:5,Alabama State House district 5
ocd-division/country:us/state:al/sldl:6,Alabama State House district 6
ocd-division/country:us/state:al/sldl:7,Alabama State House district 7
ocd-division/country:us/state:al/sldl:8,Alabama State House district 8
ocd-division/country:us/state:al/sldl:9,Alabama State House district 9
ocd-division/country:us/state:al/sldl:10,Alabama State House district 10
ocd-division/country:us/state:al/sldl:11,Alabama State House district 11
ocd-division/country:us/state:al/sldl:12,Alabama State House district 12
ocd-division/country:us/state:al/sldl:13,Alabama State House district 13
ocd-division/country:us/state:al/sldl:14,Alabama State House district 14
ocd-division/country:us/state:al/sldl:15,Alabama State House district 15
ocd-division/country:us/state:al/sldl:16,Alabama State House district 16
ocd-division/country:us/state:al/sldl:17,Alabama State House district 17
ocd-division/country:us/state:al/sldl:18,Alabama State House district 18
ocd-division/country:us/state:al/sldl:19,Alabama State House district 19
ocd-division/country:us/state:al/sldl:20,Alabama State House district 20
ocd-division/country:us/state:al/sldl:21,Alabama State House district 21
ocd-division/country:us/state:al/sldl:22,Alabama State House district 22
ocd-division/country:us/state:al/sldl:23,Alabama State House district 23
ocd-division/country:us/state:al/sldl:24,Alabama State House district 24
ocd-division/country:us/state:al/sldl:25,Alabama State House district 25
ocd-division/country:us/state:al/sldl:26,Alabama State House district 26
ocd-division/country:us/state:al/sldl:27,Alabama State House district 27
ocd-division/country:us/state:al/sldl:28,Alabama State House district 28
ocd-division/country:us/state:al/sldl:29,Alabama State House district 29
ocd-division/country:us/state:al/sldl:30,Alabama State House district 30
ocd-division/country:us/state:al/sldl:31,Alabama State House district 31
ocd-division/country:us/state:al/sldl:32,Alabama State House district 32
ocd-division/country:us/state:al/sldl:33,Alabama State House district 33
ocd-division/country:us/state:al/sldl:34,Alabama State House district 34
ocd-division/country:us/state:al/sldl:35,Alabama State House district 35
ocd-division/country:us/state:al/sldl:36,Alabama State House district 36
ocd-division/country:us/state:al/sldl:37,Alabama State House district 37
ocd-division/country:us/state:al/sldl:38,Alabama State House district 38
ocd-division/country:us/state:al/sldl:39,Alabama State House district 39
ocd-division/country:us/state:al/sldl:40,Alabama State House district 40
ocd-division/country:us/state:al/sldl:41,Alabama State House district 41
ocd-division/country:us/state:al/sldl:42,Alabama State House district 42
ocd-division/country:us/state:al/sldl:43,Alabama State House district 43
ocd-division/country:us/state:al/sldl:44,Alabama State House district 44
ocd-division/country:us/state:al/sldl:45,Alabama State House district 45
ocd-division/country:us/state:al/sldl:46,Alabama State House district 46
ocd-division/country:us/state:al/sldl:47,Alabama State House district 47
ocd-division/country:us/state:al/sldl:48,Alabama State House district 48
ocd-division/country:us/state:al/sldl:49,Alabama State House district 49
ocd-division/country:us/state:al/sldl:50,Alabama State House district 50
ocd-division/country:us/state:al/sldl:51,Alabama State House district 51
ocd-division/country:us/state:al/sldl:52,Alabama State House district 52
ocd-division/country:us/state:al/sldl:53,Alabama State House district 53
ocd-division/country:us/state:al/sldl:54,Alabama State House district 54
ocd-division/country:us/state:al/sldl:55,Alabama State House district 55
ocd-division/country:us/state:al/sldl:56,Alabama State House district 56
ocd-division/country:us/state:al/sldl:57,Alabama State House district 57
ocd-division/country:us/state:al/sldl:58,Alabama State House district 58
ocd-division/country:us/state:al/sldl:59,Alabama State House district 59
ocd-division/country:us/state:al/sldl:60,Alabama State House district 60
ocd-division/country:us/state:al/sldl:61,Alabama State House district 61
ocd-division/country:us/state:al/sldl:62,Alabama State House district 62
ocd-division/country:us/state:al/sldl:63,Alabama State House district 63
ocd-division/country:us/state:al/sldl:64,Alabama State House district 64
ocd-division/country:us/state:al/sldl:65,Alabama State House district 65
ocd-division/country:us/state:al/sldl:66,Alabama State House district 66
ocd-division/country:us/state:al/sldl:67,Alabama State House district 67
ocd-division/country:us/state:al/sldl:68,Alabama State House district 68
ocd-division/country:us/state:al/sldl:69,Alabama State House district 69
ocd-division/country:us/state:al/sldl:70,Alabama State House district 70
ocd-division/country:us/state:al/sldl:71,Alabama State House district 71
ocd-division/country:us/state:al/sldl:72,Alabama State House district 72
ocd-division/country:us/state:al/sldl:73,Alabama State House district 73
ocd-division/country:us/state:al/sldl:74,Alabama State House district 74
ocd-division/country:us/state:al/sldl:75,Alabama State House district 75
ocd-division/country:us/state:al/sldl:76,Alabama State House district 76
ocd-division/country:us/state:al/sldl:77,Alabama State House district 77
ocd-division/country:us/state:al/sldl:78,Alabama State House district 78
ocd-division/country:us/state:al/sldl:79,Alabama State House district 79
ocd-division/country:us/state:al/sldl:80,Alabama State House district 80
ocd-division/country:us/state:al/sldl:81,Alabama State House district 81
ocd-division/country:us/state:al/sldl:82,Alabama State House district 82
ocd-division/country:us/state:al/sldl:83,Alabama State House district 83
ocd-division/country:us/state:al/sldl:84,Alabama State House district 84
ocd-division/country:us/state:al/sldl:85,Alabama State House district 85
ocd-division/country:us/state:al/sldl:86,Alabama State House district 86
ocd-division/country:us/state:al/sldl:87,Alabama State House district 87
ocd-division/country:us/state:al/sldl:88,Alabama State House district 88
ocd-division/country:us/state:al/sldl:89,Alabama State House district 89
ocd-division/country:us/state:al/sldl:90,Alabama State House district 90
ocd-division/country:us/state:al/sldl:91,Alabama State House district 91
ocd-division/country:us/state:al/sldl:92,Alabama State House district 92
ocd-division/country:us/state:al/sldl:93,Alabama State House district 93
ocd-division/country:us/state:al/sldl:94,Alabama State House district 94
ocd-division/country:us/state:al/sldl:95,Alabama State House district 95
ocd-division/country:us/state:al/sldl:96,Alabama State House district 96
ocd-division/country:us/state:al/sldl:97,Alabama State House district 97
ocd-division/country:us/state:al/sldl:98,Alabama State House district 98
ocd-division/country:us/state:al/sldl:99,Alabama State House district 99
ocd-division/country:us/state:al/sldl:100,Alabama State House district 100
ocd-division/country:us/state:al/sldl:101,Alabama State House district 101
ocd-division/country:us/state:al/sldl:102,Alabama State House district 102
ocd-division/country:us/state:al/sldl:103,Alabama State House district 103
ocd-division/country:us/state:al/sldl:104,Alabama State House district 104
ocd-division/country:us/state:al/sldl:105,Alabama State House district 105
